,5/27/2026,,4/22/2026,,,,,4/15/2026,,,4/1/2026,,,"March 18, 2026",,,,"March 4, 2026",,,,"February 25, 2026",,,,"February 4, 2026",,,"January 21, 2026",,,,"January 14, 2026",,,,"January 7, 2026",,,,"December 3, 2025",,,,"November 12, 2025",,,,"October 29, 2025",,,,"October 22, 2025",,,,"October 15, 2025",,,,"October 8, 2025",,,,"September 10, 2025",,,,"September 3, 2025",,,,"August 27, 2025",,,,"August 20, 2025",,,,"July 23, 2025",,,,"July 16, 2025",,,,,"July 9, 2025",,,"July 2, 2025",,,,"June 18, 2025",,,,"June 11, 2025",,,,"May 28, 2025",,,,"May 21, 2025",,,,,"May 14, 2025",,,,,,"April 30, 2025",,,,"April 23, 2025",,,,"April 16, 2025",,,,"April 9, 2025",,,,"April 2, 2025",,,,,"March 26, 2025",,,,"March 19, 2025",,,"March 12, 2025",,,,"February 5, 2025",,,"February 28, 2025",,"February 5, 2025",,,"January 29, 2025",,,22/01/2025,,,13/01/2025,18/12/2024,,,"December 11, 2024",,,"December 4, 2024",,,"November 27, 2024",,"November 6, 2024",,,"October 30, 2024",,,"October 16, 2024",,,"September 25, 2024",,,"September 4, 2024",,,"August 28, 2024",,,"August 14, 2024",,,"August 7, 2024",,,"July 24, 2024",,,"July 23, 2024",,,"May 7, 2024",,
"L1 and L2

L1 should check Asgardeo deployment
L2 should check Nisssan PIC deployment",Ruwin Ratnayake,Asgardeo Notes,Vishakh Shetty,Ayesha Jayasankha,Ruwin Ratnayake,Asgardeo Notes,Nissan Notes,Vishakh Shetty,Asgardeo Notes,Nissan Notes,Vishakh Shetty,Asgardeo Notes,Nissan Notes,Uvindu Dharmawardana,Ruwin Ratnayake,Asgardeo Notes,Nissan Notes,Vimukthi Perera,Ruwin Ratnayake,Asgardeo Notes,Nissan Notes,Migara Pramod,Ayesha Jayasankha,Asgardeo Notes,Nissan Notes,Vishakh Shetty,Asgardeo Notes,Nissan Notes,Athiththan Kathirgamasegaran (Athi),Mohamed Sazni/Vishakh Shetty,Asgardeo Notes,Nissan Notes,Miran Kurukulasuriya,Lakshan Banneheke,Asgardeo Notes,Nissan Notes,Athiththan Kathirgamasegaran (Athi),Vishakh Shetty,Asgardeo Notes,Nisaan Notes,Ayesha Jayasankha,Athiththan Kathirgamasegaran (Athi),Asgardeo Notes,Nissan Notes,Vimukthi Perera,Uvindu Dharmawardana,Asgardeo Notes,Nissan Notes,Lakshan Banneheke,Migara Pramod,Asgardeo Notes,Nissan Notes,Mohamed Sazni,Athiththan Kathirgamasegaran (Athi),Asgardeo Notes,Nissan Notes,Mohamed Sazni,Vishakh Shetty,Asgardeo Notes,Nissan Notes,Vishakh Shetty,Ayesha Jayasankha,Asgardeo Notes,Nissan Notes,Vishakh Shetty,Uvindu Dharmawardana,Asgardeo Notes,Nissan Notes,Mohamed Sazni,Vishakh Shetty,Asgardeo Notes,Nissan Notes,Migara Pramod,Lakshan Banneheke,Asgardeo Notes,Nissan Notes,Mohamed Sazni,Vimukthi Perera,Asgardeo Notes,Nissan Notes,Ruwin Ratnayake,Mohamed Sazni,Asgardeo Notes,Nissan Notes,Miran Kurukulasuriya,Ayesha Jayasankha,Asgardeo Notes,Nissan Notes,Ruwin Ratnayake,Migara Pramod,Asgardeo Notes,Nissan Notes,Vimukthi Perera,Vishakh Shetty,Asgardeo Notes,Nissan Notes,Athiththan Kathirgamasegaran (Athi),Mohamed Sazni,Asgardeo Notes,Nissan Notes,Vishakh Shetty,Ruwin Ratnayake,Asgardo notes,Nissan Notes,Mohamed Sazni,Vimukthi Perera,Asgardeo Notes,Nissan Notes,Athiththan Kathirgamasegaran (Athi),Uvindu Dharmawardana,Vishakh Shetty,Asgardeo Notes,Nissan Notes,Mohamed Sazni,Lakshan Banneheke,Vishakh Shetty,Asgardeo Notes,Nissan Notes,Nissan Notes,Lakshan Banneheke,Ruwin Ratnayake,Asgardeo Notes,Nissan Notes,Athiththan Kathirgamasegaran (Athi),Miran Kurukulasuriya,Asgardeo Notes,Nissan Notes,Ruwin Ratnayake,Mohamed Sazni,Asgardeo - Notes,Nissan - Notes,Migara Pramod,Ayesha Jayasankha,Asgardeo - Notes,Nissan - Notes,Vishakh Shetty,Mohamed Sazni,Uvindu Dharmawardana,Asgardeo - Notes,Nissan - Notes,Vishakh Shetty,Miran Kurukulasuriya,Ayesha Jayasankha,Notes,Vishakh Shetty,Miran Kurukulasuriya,Notes,Vishakh Shetty,Migara Pramod,Lakshan Banneheke,Notes,Uvindu Dharmawardana,Vishakh Shetty,Notes,Vishakh Shetty,Notes,Vishakh Shetty,Vimukthi Perera,Notes,Mohamed Sazni,Miran Kurukulasuriya,,Vishakh Shetty,Vimukthi Perera,,Vishakh Shetty,Vishakh Shetty,Migara Pramod,,Lakshan Banneheke,Vishakh Shetty,,Uvindu Dharmawardana,Mohamed Sazni,,Miran Kurukulasuriya,Migara Pramod,Lakshan Banneheke,Mohamed Sazni,,Migara Pramod,Ayesha Jayasankha,,Migara Pramod,Vimukthi Perera,Issues,Deependra Ariyadewa,Migara Pramod,Issues,Athiththan Kathirgamasegaran (Athi),Vimukthi Perera,Issues,Mohamed Sazni,Vimukthi Perera,Isssues,Athiththan Kathirgamasegaran (Athi),Vimukthi Perera,Issues,Deependra Ariyadewa,Lakshan Banneheke,Issues,Athiththan Kathirgamasegaran (Athi),Miran Kurukulasuriya,Issues,Mohamed Sazni,Migara Pramod,Issues,Ayesha Jayasankha,Shenali Jayakody,Reported Issues
Log Review and Monitoring,,,,,,,,,,,,,,,,,,,,,,,,,,,,,,,,,,,,,,,,,,,,,,,,,,,,,,,,,,,,,,,,,,,,,,,,,,,,,,,,,,,,,,,,,,,,,,,,,,,,,,,,,,,,,,,,,,,,,,,,,,,,,,,,,,,,,,,,,,,,,,,,,,,,,,,,,,,,,,,,,,,,,,,,,,,,,,,,,,,,,,,,,,,,,,,,,,,,,,,,,,,,,,,,,,
"Check system and security logs for last 7day/24hrs events.

Use the following Kusto to check the Log Ingestion

```
Usage
| summarize TotalVolumeGB = sum(Quantity/ 1000.) by bin(TimeGenerated, 1d)
| project Day = TimeGenerated, TotalVolumeGB
| order by Day asc
```

Frontdoor Traffic
```
AzureDiagnostics
| where Category =~ ""FrontdoorAccessLog""
| summarize count() by bin(TimeGenerated, 1d)
```
Error Count

```
let paramPodNamePrefix= 'wso2is';
let errorType = ': ERROR';
ContainerLog
// | where TimeGenerated < endDateTime
// | where TimeGenerated >= startDateTime
| join kind = inner (KubePodInventory
    | project ContainerID, PodName=Name, ControllerKind, ControllerName, Namespace
    // | where PodName contains paramPodNamePrefix
    | distinct *
    )
    on ContainerID
| project TimeGenerated, Namespace, PodName, LogEntry, ControllerKind, ControllerName 
| where LogEntry has_cs errorType
| summarize Count=count() by bin(TimeGenerated, 1d) 
| order by TimeGenerated asc 
| render timechart 
```

Error count by Tenant

```
let endDateTime = now();
let startDateTime = ago(30m);
let trendBinSize = 5m;
let paramPodNamePrefix= 'wso2is-deployment';
let errorType = 'ERROR';
let errorRegex = '.*iam-cloud-.* : ERROR {.*} .*';
ContainerLog
// | where TimeGenerated < endDateTime
// | where TimeGenerated >= startDateTime
| join kind = inner (KubePodInventory
    | project ContainerID, PodName=Name, ControllerKind, ControllerName, Namespace
    | where PodName contains paramPodNamePrefix
    | distinct *
) on ContainerID
| where LogEntry has_cs errorType
| where LogEntry matches regex errorRegex
| where LogEntry !contains ""Error when setting claim""
| where LogEntry !contains ""No message body reader has been found for class java.lang.String, ContentType: application/octet-stream""
| where LogEntry !contains ""Error occurred while getting database type from DB connection org.wso2.carbon.user.core.UserStoreException: Error occurred while getting database type from DB connection""
| where LogEntry !contains ""Error occurred while getting database type from DB connection org.wso2.charon3.core.exceptions.CharonException: Error occurred while getting database type from DB connection""
| where LogEntry !contains ""This password has been used in recent history. Please choose a different password""
| where LogEntry !contains ""Error occurred while getting the OAuth App tenantDomain by Consumer key: CHOREO_SYSTEM_APP_MANAGER""
| where LogEntry !contains ""ERROR {org.wso2.carbon.identity.oauth2.grant.jwt.JWTBearerGrantHandler} - JSON Web Token is issued before the allowed time.""
| where LogEntry !contains ""ERROR {org.wso2.carbon.identity.input.validation.mgt.listener.InputValidationListener} - Failed to validate username for user.""
| where LogEntry !contains ""Caused by: java.sql.BatchUpdateException: Violation of UNIQUE KEY constraint 'UQ__UM_USER___BBB8EC7E9AE1457C'. Cannot insert duplicate key in object 'dbo.UM_USER_ROLE'.""
| where LogEntry !contains ""{org.wso2.carbon.identity.application.authentication.framework.config.model.graph.openjdk.nashorn.JsOpenJdkNashornGraphBuilder} - Event handler : authenticationOptions is not a function""
| where LogEntry !contains ""{org.wso2.carbon.identity.application.authentication.framework.config.model.graph.js.JsClaims} - Error when getting claim : http://wso2.org/claims/identity/country of user""
| where not (LogEntry matches regex @""Tenant:\s*\[lilt\].*?iam-cloud-carbon\s*:\s*ERROR\s*\{org.wso2.carbon.identity.application.authentication.framework.config.model.graph.js.JsLogger\}"")
| sort by TimeGenerated asc 
| project TimeGenerated, LogEntry
| parse LogEntry with * ""Tenant: ["" TenantName ""]"" *
| where isnotempty(TenantName)
| summarize LogCount = count() by TenantName
```

Traffic by Tenant

```
AzureDiagnostics
| where Category =~ ""FrontdoorAccessLog""
| extend reqUri = tostring(requestUri_s)
| extend tenant_from_path = extract(@""/t/([^/]+)"", 1, reqUri)
| extend custom_domain = extract(@""https?://([^/:]+)"", 1, reqUri)
| extend tenant =
    case(
        isnotempty(tenant_from_path), tenant_from_path,
        isnotempty(custom_domain) and custom_domain !contains ""asgardeo.io"", custom_domain,
        """"
    )
| where isnotempty(tenant)
| summarize request_count = count() by bin(TimeGenerated, 12h), tenant
| order by TimeGenerated asc
| render columnchart
````",TRUE,"Traffic increase on May 21 and 22 on Prod US & EU.
Increase of IS errors on May 21 & 22 in Prod US & EU

Highest Error count by tenants;
Prod US - wso2, wso2external
Prod EU - verifoneemeadev, lebaraltd",FALSE,TRUE,TRUE,No anamoly ,No anomaly for past 7 days,TRUE,No anamoly ,No Anamoly,TRUE,"High Error count on 27 March due to bionexo errors.
https://chat.google.com/room/AAAAYVIbht8/-Tu3ULBINeo/p7IbhPi_X1s?cls=10",jsp erros,FALSE,TRUE,,"No usage spikes
No traffic spikes
2400 per day error rate consistence across 14 days
Single tenant environment",TRUE,FALSE,"No usage spikes
No traffic spike
US error rate is at 2000 per day, EU at 550 a day


Tenant traffic: there are 700+ tenants for hkcloud* in EU
US bionexo, whirlpoollatam, wso2, dmcard, pioneer, pldtpdp, wso2ecternal, uspdemo, metasupermarkets, 
e1ed0871-83ac-4db9-8bd7-63a78978ae71 are top 10
EU jmsloyalty, effia, eumonitoring, odscwba, taya, effiaapp,  orgasgardeoeue2e, iati, the peoplegroup, tayapre, are the top tenants",,TRUE,FALSE,In EU 23rd we can see a error spike due to the database scaleup and connection drop,,TRUE,Log Ingestion on 3rd Feb is 2x,All good,TRUE,TRUE,,Looks Normal,FALSE,FALSE,,,FALSE,TRUE,AFD traffic spike due to dmcard on 5th of Jan. Most of the traffic is 4XX,,FALSE,TRUE,FALSE,FALSE,TRUE,TRUE,"No unusual log spikes, AFD traffic spikes, error count is increased due to e2e testing and reported https://chat.google.com/room/AAAAX81bYho/3RbSb5xEeCg/3RbSb5xEeCg?cls=10 ",,FALSE,FALSE,,,FALSE,FALSE,No Abnormal Log Ingestion and Frontdoor Patterns,,FALSE,TRUE,"Log Ingestion is fine on US. There is a slight rise in the log ingestion on EU.


Frontdoor Traffic also has a slight rise in the EU.


Error count has a huge spike on 9th and 10th in US. 
10th, 13th and 14th in EU. 

EU Prod Error List
1. ERROR {org.wso2.carbon.identity.organization.management.application.listener.OrganizationCreationHandler} - Shared application not found for ID
2. ERROR {org.wso2.identity.event.websubhub.publisher.service.WebSubEventPublisherImpl} - WebSubHub endpoint returned a client error","Log Ingestion and FD traffic fine from last 15days
Error count Incident on Oct 3 due to TechM is trying a bulk import",TRUE,FALSE,"Log Ingestion Seems Normal in Both US and EU
Error rate is seems to reduced last 7 days",,TRUE,TRUE,"No anomality for Log Ingestion


No anomality for Frontdoor Traffic.


Error Count in EUPR is deviated on 9th Sep","No anomality for Log Ingestion


No anomality for Frontdoor Traffic.


",TRUE,TRUE,"No anomality for Log Ingestion


No anomality for Frontdoor Traffic.


Need to fix publisher Error Logs 
https://github.com/wso2-enterprise/wso2-iam-internal/issues/4402",No anomaly in Log Ingestion,TRUE,FALSE,"No anomaly observed with log ingestion in Asgardeo ADU and Central Deployment

Request count increased than average in Asgardeo Prod EU during 20-22 Aug. ABB request count increased

Error count increased on August 20 with the production sync we did

Error count is increased in prod EU on Aug 22 due to branding related error. Raise the issue with the team",,TRUE,TRUE,"Log Ingestion is normal.


Frontdoor Traffic is normal.


Higher number of Log Publishing Errors recorded for the entire last month. 
https://github.com/wso2-enterprise/wso2-iam-internal/issues/4402


Tenant based traffic count is normal","No log ingestion anomalies, traffic anomalies

Number of errors has increased on 19th in non-prod",TRUE,FALSE,"1. High traffic from tenant wso2sa on 17th July 2025 - US

2. Slight increase in traffic on 17th July 2025 - EU",,FALSE,FALSE,,,TRUE,FALSE,"Anomalies Observed
1. IS Error count increased over the last week by over 40% in Prod US
2. tenant ""Effia"" highest traffic for Prod EU while tenant ""dmcard"" traffic increased in Prod US by around 40k",,FALSE,TRUE,High Log ingestion in Asgardeo EU due to migration work,"Log Ingestion Looks good.
FD Traffic seems to be normal",FALSE,TRUE,"Log Spike on 11th, 12th, 16th  in Prod US

Increased frontdoor traffic on 11th,12th and 16th in Prod US.

Abnormally high traffic from a tenant aianalyticsapk on 11th, 12th and 16th in Prod US. That could be the reason for log spike and increased FD traffic. This was due to an choreo internal team tenant that was pointed wrongly to the prod environment. ",,FALSE,FALSE,,,TRUE,TRUE,"1. Log Ingestion is normal in US and EU.

2. Frontdoor Traffic pattern is normal in US and EU.

3. Error Counts has a spike in US on 25th. (Avg 2500. Spike 15000).
https://github.com/wso2-enterprise/wso2-iam-internal/issues/1240

4. Tenant wise traffic is normal.","1. FD traffic is 2 times higher in non-prod on 26th
2. Email Subject: [Nissan EU] High Volume of 401 and 403 Errors Observed from Multiple IPs
",TRUE,TRUE,TRUE,,Can See a increment of traffic in nissan from last couple of days.,TRUE,FALSE,TRUE,,There is no abnormalities,,FALSE,TRUE,"1. Slight increase in log ingestion US on 29th April 2025

2. Increase of frontdoor traffic on 24th April 2025 in US (highest requests: bionexo)

3. Increase in frontdoor traffic on 25th April 2025 in EU (highest requests: eumonitoring)",,FALSE,FALSE,,,TRUE,FALSE,"No Anomalies detected in US

Asgardeo Prod EU Frontdoor - considarable amount of eumonitoring tenant traffic & Trend anomaly in error count on 9th April 2025",No Anomalies detected in Stage and Prod,FALSE,FALSE,,,FALSE,TRUE,FALSE," Log ingestion Is fine on US and EU.
EU had Slight Increased FD traffic.
Error Counts are fine on Both","Log Ingestion, traffic pattern and error traces are fine for Nissan Prod ",FALSE,TRUE,FALSE,EU - High error log due to ABB Stage (INC0027469),TRUE,FALSE,,FALSE,TRUE,FALSE,"Log ingestion in US is normal when comparing with the last week. Can see a small increment in 7th march


Log ingestion in EU has a spike on 5th and 6th March

More details on https://docs.google.com/document/d/1Xx4_p5Vgw0qh1Vjvuqqa4_bNgshRq-84dNUqvOCck6g/edit?usp=sharing",TRUE,TRUE,"Log Ingestion is normal in US.  But a spike has started from Feb 24 was not settled in Prod EU.  

Error counts reduced for Prod US compared to the previous week. For Prod EU error counts are settled to normal range from Feb 26.",TRUE,"Log Ingestion on 24,25,26 th feb is quite high in EU .Error count is also high on the same dates",TRUE,TRUE,"log ingestion is quite high on 2/2/2025

Log Ingestion EU almost two times than average
Day [UTC]
2025-01-30T00:00:00Z
TotalVolumeGB
56.05780052100002

Error count is also high in EU in the same days
30/01/2025, 00:00:00.000
611
31/01/2025, 00:00:00.000
574


Error count is high in US on
31/01/2025, 00:00:00.000
1072",TRUE,TRUE,,TRUE,FALSE,US: Log Ingestion went little high on 20 and 21st,TRUE,TRUE,TRUE,"US:No anamolies in log ingestion.
EU Log Ingestion : around 6GB increase on 12th of dec and it corelates with the increase in traffic",TRUE,TRUE,"1. No anomalies in log ingestion. Log ingestion in Prod US has reduced after Dec 5th
2. Error log spike in Prod US at 8am IST on 10/12/2024
",TRUE,TRUE,1. Log ingerstion has spike on Prod US. No spike for the Prod EU for the last week.       2. EU monitoring tenant has continuous error. 3. 27th Prod US has a n error count spike,TRUE,FALSE,TRUE,TRUE,Similar pattern on Log Ingestion. No abnormality.               No Error logs abnormality in US.  Can see continous errors for eumoniotoring tenant https://github.com/wso2-enterprise/asgardeo-product/issues/19359,TRUE,FALSE,"Find PII and report in the PII chat

There is a spike in error on 25 of oct dur to Database transient error",FALSE,TRUE,,TRUE,TRUE,"Found some user error in last 24 hour logs. Raised the issues in the maintaince chat.

Found PII logs and raised in the PII war room chat",TRUE,FALSE,,FALSE,TRUE,Extra 10GB log ingestion due to the email template migration task in US,FALSE,TRUE,"A bit high Log ingestion on 8/13/2024, probably due to the Incident",FALSE,TRUE,,TRUE,TRUE,"Use the following Kusto to check the Log Ingestion

```
Usage
| summarize TotalVolumeGB = sum(Quantity/ 1000.) by bin(TimeGenerated, 1d)
| project Day = TimeGenerated, TotalVolumeGB
| order by Day asc
```",TRUE,TRUE,,TRUE,TRUE,"https://github.com/wso2-enterprise/asgardeo-product/issues/23965 
https://github.com/wso2-enterprise/asgardeo-product/issues/23966 "
"Monitor real-time dashboards for unusual activity or spikes. 
1. Frontdoor Total latency and total count pattern.   
2. Database CPU, IO, Storage Percentage patterns

https://portal.azure.com/#@wso2.com/resource/subscriptions/ea3af8ec-73de-4e7c-870f-7a5975f7db2d/resourceGroups/rg-asgardeo-workbook-prod-eastus2-001/providers/microsoft.insights/workbooks/b8ba1c64-47f9-44b2-864c-8eaf03d83032/workbook

",TRUE,"Increase in WAF blocks - SCIM2
Prod US Central - User & Identity DB - 22nd May, Session DB 16th May
Prod US ADU - Identity - 18th May, User & registry db on 21st and 22ns May

Increase in WAF blocks - OIDC
Prod EU Central - Registry & User DB - 18th May, Asgardeo User - 18th to 23rd May, Identity - 21st & 23rd May
Prod EU ADU - Consumer - 13th to 15th May, ",FALSE,TRUE,TRUE,No anamoly ,"No anomaly for past 7 days
Anomaly detected for las 14 days",TRUE,,,TRUE,"Consumer DB in US hit 100%.
This was triggered with the token calls from bionexo tenant.
CPU Consumption was due to the following query

@P0 varchar(8000),@P1 nvarchar(4000),@P2 varchar(8000),@P3 int,@P4 int)SELECT DISTINCT UM_USER.UM_USER_ID FROM UM",Db CPU  hit 90% for short duration and recovered,FALSE,FALSE,,,TRUE,FALSE,Raised some concerns in https://chat.google.com/room/AAAARizVt1o/Urt06trCxxM/Urt06trCxxM?cls=10,,TRUE,FALSE,Dataspace used has increased in the prod eu adu identity db due to a issue in token cleanup,,TRUE,All Good,All Good,TRUE,TRUE,Session DB Storage is going up in EU,,FALSE,FALSE,,,FALSE,TRUE,Consumer DB CPU hit 99  on Jan 6 12:45PM UTC,,FALSE,TRUE,FALSE,FALSE,FALSE,TRUE,,Observed a db CPU spike in 2025/11/11,FALSE,FALSE,,,FALSE,FALSE,,,FALSE,TRUE,,"CPU hit 80 on sep 25
62 on sep 28
50 on oct 5",TRUE,FALSE,"DB incident in EU: INC0035317
Other metrices looks fine",,TRUE,FALSE,,,FALSE,TRUE,"1. There was a DB Spike on US Central DBs on 30th 12:00-12:10 IST. 



2. There was a single Request with  65Mb request size on 28th 23:43 IST. Due to that, there was a slight latency also there.",,TRUE,FALSE,Central Region identity and session database storage are growing. We are currently onboarding cleanup to central region to fix this,,TRUE,TRUE,"Frontdoor Latency metrics are seems to be normal


Central Session DB Storage is growing. Will need to have the session cleanup.","No anomalies, other than the DB growth in prod discussed below",TRUE,FALSE,"2. Increase in Consumer DB CPU % on 18th July 2025 - US
3. Significant Memory anomaly on 19th July 2025 - US
4. Increase in asgardeoRLBlockOauth2 in US on 17th July 2025
5. CPU reached 100% on Consumer DB on 18th July 2025 - US
6. CPU % anomaly on 15th July 2025 on Registry DB - US
7. Increase frontdoor backend latency has subsided after 19th July 2025 - US",,FALSE,FALSE,,,TRUE,FALSE,"3. Prod US - Oauth2 RL WAF block hits has increased by more than 50%
4. Prod US - Consumer DB CPU & Data spike on 7th July 2025
5. Prod US - Session DB Data increment anomaly on 8th July 2025
6. Increase in Alerts - Prod US and EU on 8th July 2025
7. Prod EU - Increase in multiple WAF blocks - 5th July 2025",,FALSE,TRUE,,"There was a sudden spike in FD latency on june 28 at 7:45 PM IST
DB matrics looks fine",FALSE,TRUE,"FD Latency spike on 12th 19:30 IST, 13th 19:30 IST and 16th 21:30 IST for Prod US ",,FALSE,FALSE,,,TRUE,FALSE,"1. Frontdoor Avg Latency spike on 21st 19:30 and 26th 22:30 in US. 

2. Prod US Identity DB CPU usage spiked to 55% on 26th 20:30",,FALSE,FALSE,TRUE,,,TRUE,FALSE,TRUE,Avg FD latency has a spike in US on may 7th,No latency spikes,,FALSE,TRUE,Slight increase in metrics on 24th and 29th April 2025. Suspect to be due to token cleanup job failing due to azure maintenance issue we identified,,FALSE,FALSE,,,FALSE,TRUE,"No Frontdoor abnormalities in US Frontdoor

No Frontdoor abnormalities in EU Frontdoor

No database abnormalities in US and EU DB.","Nissan Prod Frontdoor request Count and Latency is fine.

Nissan Non Prod Frontdoor request count has a huge spike on Apr 11 2:15PM IST

No database abnormalities",FALSE,FALSE,,,TRUE,TRUE,FALSE,"FD latency on EU is fine. There was latency spike on march 26 on US.
DB Computation on Both the Region Looks fine.


FD toral count has a huge spike on 2nd of April 6:30 IST having +700k. That was from a Russian IP address and we have already restricted the access.",,FALSE,TRUE,FALSE,SQL pool instance memory went up from 41% to 55.3% since 24/03/2025 15:00 IST,TRUE,TRUE,"US - Latency spike observed from 20:57 to 22:22 IST 18/03/25, Identity DB Data IO Spike to 75% at 2:15 and 16:45 18/03/25.  EU - Consumer DB had 66 failed connection due to System Errors at 11:45 18/03/25",FALSE,TRUE,FALSE,,TRUE,TRUE,"Average Traffic per day increased from 500k to 660k for Prod EU started from Feb 25. 

Frontdoor Latency also increased for the Prod EU. It was identified that there has been increased traffic from ABB. 

There is a increment in DB CPU usage for Prod EU.

DB Storage has a small increment from 7.7GB to 8.5GB on Feb 26 and settled to the new base value",TRUE,,TRUE,FALSE,Latency for the SCIM2 Patch endpoint on 4th feb,TRUE,TRUE,,TRUE,FALSE,US:FD latency seen a small spike,TRUE,TRUE,TRUE,"EU: WAF Blockage reuest went lil high on 13th and 14th Dec
US: FD LatencyFluctuating ",TRUE,TRUE,"Prod US OAuth endpoint has high latency. Very high latencies from Dec 4th to Dec 6th

Prod EU: 24% and 20% DB spike in Identity and User DB respectively but has now recovered.
Increase in WAF block request on 10th of Dec.

Small spike in Node CPU Utlization on Dec 6 10:40 PM UTC

Spike in Website CPU Usage on 6th Dec 6:40 AM UTC

SQLDB-ASGARDEO-IS-IDENTITY-PROD DB High  Uilization on dec 6 2:40PM IST 

User pod disk read / write has increased on dec 10",TRUE,TRUE,Prod US has high latency ,TRUE,FALSE,TRUE,TRUE,,TRUE,FALSE,,FALSE,TRUE,"""There is a request spike in US FD on 16th


Pioneer block due to the duplicate content-type header issue""",TRUE,TRUE,"There is a spike in WAF block due to a attack on 25th of Sep. Request were block by Bad bot waf rule

We need to have separate dashboard for SQL database metrics",FALSE,FALSE,Have to check the WAF Blocks in the US,FALSE,TRUE,https://github.com/wso2-enterprise/asgardeo-product/issues/26110,FALSE,FALSE,Todo: Add an issue,FALSE,TRUE,"AI Branding, Loginflow, Tenant Deletion Pod CPU Usage dashboards missing

Pre-Flight Checklist - 7th Aug, 2024",TRUE,TRUE,,TRUE,TRUE,"1. Frontdoor request has several high backend latency records. Delay has been identified between nginx to frontdoor return path.  

2. Node CPU utilization dashboard is not loading ",TRUE,TRUE,"Query service memory is growing. Already informed to the dev team
https://github.com/wso2-enterprise/asgardeo-product/issues/23975 "
"Monitor Database growth (storage size), recommendations

Use the following script for Asgardeo
https://drive.google.com/file/d/1BgMnHdIfUd1v1X7sf3b_9oxhO88cSibc/view?usp=sharing

1. Download the script
2. Run `az login` to set subscription to asgardeo-prod
3. Run command 
      a. bash checkAzureSqlDbStorage.sh rg-asgardeo-main-prod-eastus2-001 sql-asgardeo-main-prod-eastus2-001 75
      b. bash checkAzureSqlDbStorage.sh rg-asgardeo-main-eupr-northeurope-001 sql-asgardeo-main-eupr-northeurope-001 75
4. Check for column ""Status"" for unsafe DBs",TRUE,All under SAFE flag,FALSE,TRUE,TRUE,No anomalies,No anomalies,FALSE,,,TRUE,All good,All good,FALSE,FALSE,,,TRUE,FALSE,Raised some concerns in https://chat.google.com/room/AAAARizVt1o/Urt06trCxxM/Urt06trCxxM?cls=10,,TRUE,FALSE,Dataspace used has increased in the prod eu adu identity db due to a issue in token cleanup,,TRUE,All Good,All Good,TRUE,TRUE,,,FALSE,FALSE,,,FALSE,TRUE,,,FALSE,FALSE,FALSE,FALSE,FALSE,FALSE,,,FALSE,FALSE,,,FALSE,FALSE,,,FALSE,TRUE,,,FALSE,FALSE,,,TRUE,FALSE,,,FALSE,FALSE,,,TRUE,FALSE,,,TRUE,TRUE,All the DBs are in Safe Mode,"Prod DB storage used increased by 10GB on 20th from IST 11:22 to 11:32 

https://chat.google.com/room/AAAAMw0K8UI/W43RCDYqysE/W43RCDYqysE?cls=10",TRUE,FALSE,,,FALSE,FALSE,,,TRUE,FALSE,,,FALSE,TRUE,,Normal,FALSE,TRUE,,,FALSE,FALSE,,,TRUE,FALSE,No abnormalities,,TRUE,FALSE,TRUE,,,FALSE,TRUE,TRUE,Looks Good,Looks Good,,FALSE,TRUE,,,FALSE,FALSE,,,TRUE,FALSE,No Anomolies detected in US and EU,No Anomalies detected in Stage and Prod,FALSE,FALSE,,,TRUE,TRUE,FALSE,No Potential Growth on Different DBs  on EU and US,"From last 30 days There is increase in 5GB

We dont have index tuning enabled yet. We need to check and enable it. ",FALSE,TRUE,FALSE,,TRUE,TRUE,,FALSE,TRUE,FALSE,,TRUE,TRUE,Duplicate Index for Identity DB,TRUE,,TRUE,,,TRUE,TRUE,,TRUE,FALSE,All looks good,TRUE,TRUE,TRUE,"US: Looks Good
EU: Looks Good",TRUE,TRUE,"Prod US: Identity DB has increased in size from Dec 4th to 7th and has reduced afterwards.

Slight increase in data space used on sqldb-asgardeo-is-session-prod on 11th Dec

There is slight drop in data space used in Data space used , sqldb-asgardeo-is-concent-prod on dec 6",TRUE,TRUE,,FALSE,FALSE,TRUE,FALSE,DB recommendations observed. https://github.com/wso2-enterprise/asgardeo-product/issues/27316,TRUE,FALSE,,FALSE,TRUE,https://github.com/wso2-enterprise/asgardeo-product/issues/25419,TRUE,TRUE,In EU identity database storage is filled 75%. We need to remove audit table from identity database in EU,TRUE,FALSE,,FALSE,FALSE,,FALSE,FALSE,Todo: Add an issue,FALSE,TRUE,Implement database growth dashboards,FALSE,FALSE,,FALSE,FALSE,,FALSE,FALSE,
Record the archival log sizes in both US and EU,TRUE,"Prod US Central - 1.83 TiB
Prod US ADU - 40.98 TiB

Prod EU Central - 1.85 TiB
Prod EU ADU - 26.17 TiB",FALSE,TRUE,TRUE,All good,"Prod - 4.04 TiB
PreProd - 8.05 TiB",TRUE,All good,All good,TRUE,All good,All good,FALSE,FALSE,,,TRUE,FALSE,No unusal capacity issues,,TRUE,FALSE,No unusal capacity issues,,TRUE,All Good,All Good,TRUE,TRUE,,,FALSE,FALSE,,,FALSE,TRUE,All good,,FALSE,FALSE,FALSE,FALSE,FALSE,FALSE,,,FALSE,FALSE,,,FALSE,FALSE,,,FALSE,TRUE,,Exponential due to log retention period,TRUE,FALSE,In EU it is exponential due to log retention period,,TRUE,FALSE,,,FALSE,FALSE,,,TRUE,FALSE,,,TRUE,TRUE,,"Non Prod: 4.5 TiB
Prod: 2 TiB",TRUE,FALSE,"US - 49.77 TiB
EU - 23.03 TiB",,FALSE,FALSE,,,TRUE,FALSE,"US - 50 TiB
EU - 23 TiB",,FALSE,TRUE,,In rentention period,FALSE,TRUE,,,FALSE,FALSE,,,TRUE,FALSE,No abnormalities,,FALSE,FALSE,TRUE,,,TRUE,FALSE,TRUE,Looks Good,Looks Good,,FALSE,TRUE,"US - 323 GB
EU - 242.5 GB",,FALSE,FALSE,,,FALSE,TRUE,No anamolies,"Last 2 Weeks: 

Prod from 575Gib to 735Gib

NonProd from 2Tib to 2.3TiB",FALSE,FALSE,,,TRUE,TRUE,FALSE,"EU log Archival Rate is Constant.
US log Archival has 1TiB increase in last 30 Days",Last 2 Weeks: 435Gib to 584Gib,FALSE,FALSE,FALSE,,TRUE,TRUE,,FALSE,TRUE,FALSE,,TRUE,TRUE,,TRUE,,TRUE,,"US: 41TiB, EU: 20TiB",TRUE,TRUE,Slight Increment. For the pastweek 0.5-1 TiB Increment,TRUE,FALSE,All looks good,TRUE,TRUE,FALSE,"US: Looks Good
EU: Looks Good",TRUE,TRUE,"Prod US: 38 TiB
Prod EU: 18.6 TiB",,,,,,,,,,,,,,,,,,,,,,,,,,,,,,,,,,,,,,
Monitor APIM dashboard (Check Latency and Capacity),TRUE,All good,FALSE,TRUE,TRUE,All good,No APIM used in Nissan,TRUE,,,TRUE,No unsual,NA,FALSE,FALSE,,,TRUE,FALSE,No abnomabilities in avg latency,,TRUE,FALSE,No abnomabilities in avg latency,,TRUE,,,TRUE,FALSE,,,FALSE,FALSE,,,FALSE,TRUE,All good,,FALSE,FALSE,FALSE,FALSE,FALSE,FALSE,,,FALSE,FALSE,,,FALSE,FALSE,,,FALSE,FALSE,,,TRUE,TRUE,,,FALSE,FALSE,,,FALSE,FALSE,,,TRUE,FALSE,,,TRUE,TRUE,,N/A,TRUE,FALSE,,,FALSE,FALSE,,,TRUE,FALSE,,,FALSE,TRUE,,NA,FALSE,TRUE,"APIM Latency spike on 12th 19:30 IST, 13th 19:30 IST and 16th 21:30 IST for Prod US ",,FALSE,FALSE,,,TRUE,FALSE,"1. Avg Latency spike on 21st 19:30 and 26th 22:30 in US. 

2. Capacity for Prod EU still settled at 100%. We already having a support ticket for this.",,FALSE,FALSE,FALSE,,,FALSE,TRUE,FALSE,No anomalies.,,,FALSE,TRUE,"Slight increase in latency during 22nd April - 25th April in US

Increase in latency during 29th April in EU",,FALSE,FALSE,,,TRUE,FALSE,"Rate Limit Blocked API Operations Anomaly in US

No anomalies detected in EU",NA,FALSE,FALSE,,,FALSE,TRUE,FALSE,,N/A,FALSE,TRUE,TRUE,,TRUE,TRUE,,FALSE,TRUE,FALSE,,TRUE,TRUE,,FALSE,,FALSE,,,FALSE,FALSE,,FALSE,FALSE,FALSE,FALSE,FALSE,FALSE,FALSE,FALSE,FALSE,,,,,,,,,,,,,,,,,,,,,,,,,,,,,,,,,,,,,,,
"Monitor APIM Rate limit Workbook

Prod US: https://portal.azure.com/#@wso2.com/resource/subscriptions/ea3af8ec-73de-4e7c-870f-7a5975f7db2d/resourceGroups/rg-asgardeo-workbook-prod-eastus2-001/providers/Microsoft.Insights/workbooks/cafb19d8-7676-1348-d8cf-c0176deae6eb/workbook

Prod EU: https://portal.azure.com/#@wso2.com/resource/subscriptions/ea3af8ec-73de-4e7c-870f-7a5975f7db2d/resourceGroups/rg-asgardeo-workbook-eupr-northeurope-001/providers/Microsoft.Insights/workbooks/cdc46052-7865-6e7e-2d58-45c36639339a/workbook",TRUE,"US - https://auth.repsolluzygas.com:443/oauth2/token 16183

EU - https://api.eu.asgardeo.io:443/t/odscwba/scim2/Users?startIndex=1&count=100 2029",FALSE,TRUE,TRUE,"US - repsolluzygas was rate limited

EU - ABB was rate limited",No APIM used in Nissan,FALSE,,,TRUE,,,FALSE,FALSE,,,TRUE,FALSE,"US reposl and fatorseguradora were rate limited

EU ABB was rate limited",,TRUE,FALSE,"In US repsol was rate limited
In EU ABB prod 388 token calls were ratelimited",,TRUE,,,TRUE,FALSE,,,FALSE,FALSE,,,FALSE,TRUE,Rate limit of dmcard traffic,,FALSE,FALSE,FALSE,FALSE,FALSE,FALSE,,,FALSE,FALSE,,,FALSE,FALSE,,,FALSE,FALSE,,,TRUE,FALSE,,,FALSE,FALSE,,,FALSE,FALSE,,,TRUE,FALSE,,,TRUE,TRUE,,N/A,TRUE,FALSE,"8. Highest Rate limits on 17th July 2025 for wso2sa tenant - US
9. Highest Rate limited on 17th July 2025 for nontenanted path - https://polaris.iam.motion.abb.com:443/oauth2/introspect - EU",,FALSE,FALSE,,,TRUE,FALSE,"Prod US - aianalyticsapk & sampathnew tenants are the highested rate limited on jwks path

Prod EU - stage.polaris.iam.motion.abb.com:443/oauth2/introspect is the highest rate limited URI address",,FALSE,TRUE,,NA,FALSE,TRUE,APIM Ratelimiting for aianalyticsapk and sampathnew tenants in US. Should be related to the FD traffic identified.,,FALSE,FALSE,,,TRUE,FALSE,"1. Ratelimiting has been enforced for repsol token requests. 19k Requests were ratelimited. 

2. Ratelimiting has been enforced for wso2 scim2 users search requests. 4k Requests were ratelimited. ",,TRUE,FALSE,FALSE,,,FALSE,TRUE,FALSE,"Prod US: Bgic tenant has 8401 rate limits in the past 7 days

Prod EU: ABB Prod - oauth2/token - 1997 rate limited requests. oauth2/introspect - 676 rate limited requests.",,,FALSE,TRUE,Rate limit anomaly on 21st April 2025 in US,,FALSE,FALSE,,,TRUE,FALSE,"Rate Limit Blocked API Operations Anomaly in US

No anomalies detected in EU",NA,FALSE,FALSE,,,FALSE,TRUE,FALSE,"US Capacity is fine. APIM is not enabled in Prod EU yet



Avg latency for US has spiked 19:30 IST to 20:15 IST on April 1",N/A,FALSE,TRUE,TRUE,only for scim2 - coming from choreo,FALSE,TRUE,dmcard /oauth2/token rate limit count - 122609 ,FALSE,TRUE,FALSE,,FALSE,TRUE,"
3.8K
api-op-non-tenanted-scim2-get
2.3K
api-op-tenanted-scim2-post
733
api-op-tenanted-scim2-patch
724",FALSE,,FALSE,,,FALSE,FALSE,,FALSE,FALSE,FALSE,FALSE,FALSE,FALSE,,TRUE,TRUE,,,,,,,,,,,,,,,,,,,,,,,,,,,,,,,,,,,,,,,
System Health Checks,,,,,,,,,,,,,,,,,,,,,,,,,,,,,,,,,,,,,,,,,,,,,,,,,,,,,,,,,,,,,,,,,,,,,,,,,,,,,,,,,,,,,,,,,,,,,,,,,,,,,,,,,,,,,,,,,,,,,,,,,,,,,,,,,,,,,,,,,,,,,,,,,,,,,,,,,,,,,,,,,,,,,,,,,,,,,,,,,,,,,,,,,,,,,,,,,,,,,,,,,,,,,,,,,,
"Verify the status of all critical services and systems. (Site 24x7, alerts) 

https://www.site24x7.com/app/client?zaaid=NzQ5MzI1Mzcy#/home/monitors",TRUE,Public Web Up Time Check region failure for 19 mins.,FALSE,TRUE,TRUE,All good,"No outages - Site 24x7
2 critical alerts - Azure",TRUE,All good,All good,TRUE,,,FALSE,FALSE,,,TRUE,FALSE,No alerts,,TRUE,FALSE,,,TRUE,All UP,All UP,TRUE,TRUE,,,FALSE,FALSE,,,FALSE,TRUE,,,FALSE,TRUE,FALSE,FALSE,FALSE,FALSE,,,FALSE,FALSE,,,FALSE,FALSE,,,FALSE,FALSE,,,TRUE,FALSE,All good,,FALSE,FALSE,,,FALSE,FALSE,,,TRUE,FALSE,,,TRUE,TRUE,,No alerts,TRUE,FALSE,,,FALSE,FALSE,,,TRUE,FALSE,All monitors are healthy,All monitors are healthy,FALSE,TRUE,,All monitors are healthy,FALSE,TRUE,No suspended monitors.,,FALSE,FALSE,,,TRUE,FALSE,1. Prod US and EU Asgardeo Add Group is being Suspended.,,TRUE,FALSE,TRUE,,Looks Good,TRUE,FALSE,FALSE,,,,FALSE,TRUE,"US
Login Flow outage - 27th April 2025

Tenant user Groups outage - 24th April 2025

SSO Login outage - 24th April 2025

EU
List claims outage - 29th April 2025

Update Identity Provider outage - 29th April 2025

List Claims outage - 28th April 2025

List Applications and Limits outage - 25th April 2025

List Applications outage - 25th April 2025

Get specific User outage - 24th April 2025

Tenant User Group outage - 24th April 2025",,FALSE,FALSE,,,FALSE,TRUE,"Suspended Site24 Alerts in US 

1.  Asgardeo Add Group 
2. Asgardeo Set Basic Sign-in to an Application 

Suspended Site24 Alerts in EU 
 1. Asgardeo Add Group",,FALSE,FALSE,,,TRUE,FALSE,FALSE,All UP,All UP,FALSE,TRUE,TRUE,,FALSE,TRUE,,FALSE,TRUE,FALSE,,FALSE,,,TRUE,,TRUE,,,TRUE,TRUE,,TRUE,FALSE,FALSE,FALSE,TRUE,TRUE,asgardeo.io Certificate expires in 28 day(s),TRUE,TRUE,"Down-Asgardeo Add Customer
Outage Duration : 11 Mins 39 Secs
From : Dec 11, 2024 11:34:20 PM
To : Dec 11, 2024 11:46:00 PM
Total Outage Duration for Custom Period
11 Mins 39 Secs",TRUE,TRUE,Asgardeo Attach IDP to an Application due to db deadlock `ERROR {org.wso2.carbon.identity.api.server.application.management.v1.core.functions.Utils} - errorCode: APP-65001 | message: Error while updating application with resourceId:` caused by `Caused by: com.microsoft.sqlserver.jdbc.SQLServerException: Transaction (Process ID 134) was deadlocked on lock resources with another process and has been chosen as the deadlock victim.`,TRUE,FALSE,TRUE,FALSE,,TRUE,FALSE,,FALSE,TRUE,No issues,TRUE,TRUE,,TRUE,FALSE,,FALSE,FALSE,,FALSE,TRUE,,FALSE,TRUE,,TRUE,FALSE,,TRUE,TRUE,,TRUE,TRUE,
"Check staging site 24x7, alerts",TRUE,Asgardeo Onprem WS Public Server Up Time Check monitor is under maintenance mode,FALSE,TRUE,TRUE,All good,All good,TRUE,,,TRUE,,,FALSE,FALSE,,,TRUE,FALSE,,,TRUE,FALSE,,,TRUE,,,TRUE,FALSE,,,FALSE,FALSE,,,FALSE,TRUE,,,FALSE,FALSE,FALSE,FALSE,FALSE,FALSE,,,FALSE,FALSE,,,FALSE,FALSE,,,FALSE,FALSE,,,TRUE,FALSE,All good,,FALSE,FALSE,,,FALSE,FALSE,,,TRUE,FALSE,,,TRUE,TRUE,,No alerts,TRUE,FALSE,,,FALSE,FALSE,,,TRUE,FALSE,,,FALSE,TRUE,,NA,FALSE,TRUE,,,FALSE,FALSE,,,TRUE,TRUE,,,TRUE,FALSE,TRUE,,Looks Good,TRUE,FALSE,FALSE,,,,FALSE,TRUE,,,FALSE,FALSE,,,FALSE,TRUE,"Suspended Site24 Alerts in EU 
1. Asgardeo Add Group
2. Asgardeo Organization Managment Login Flow",,FALSE,FALSE,,,FALSE,FALSE,FALSE,,,FALSE,TRUE,TRUE,,FALSE,TRUE,,FALSE,TRUE,FALSE,,FALSE,,,TRUE,,TRUE,,,TRUE,TRUE,,TRUE,FALSE,FALSE,FALSE,TRUE,TRUE,Nothing major for last 7 days,TRUE,TRUE,No Outages found,TRUE,TRUE,,TRUE,FALSE,TRUE,TRUE,,TRUE,FALSE,"There were two stage monitor failures 
- Asgardeo Set Basic Sign-in to an Application
- Asgardeo Attach IDP to an Application
Monitors were failing due to 409 conflict error
When change the padding monitors start working",FALSE,TRUE,No issues,TRUE,TRUE,,TRUE,FALSE,,FALSE,FALSE,,FALSE,TRUE,,FALSE,TRUE,,TRUE,FALSE,,FALSE,FALSE,,FALSE,FALSE,
Check server and application performance metrics. (Latency dashboards for 7 dyas),TRUE,"US - Avg latency increased upto 963ms on 12th May
EU - Avg latency increased upto 639ms on 4th May",FALSE,TRUE,TRUE,All good,All good,TRUE,Incidence due to FD change,All good,TRUE,,,FALSE,FALSE,,,TRUE,FALSE,,,TRUE,FALSE,,,TRUE,,,TRUE,TRUE,,,FALSE,FALSE,,,FALSE,TRUE,,,FALSE,FALSE,FALSE,FALSE,FALSE,FALSE,,,FALSE,FALSE,,,FALSE,FALSE,,,FALSE,FALSE,,,TRUE,FALSE,Everything seems normal,,FALSE,FALSE,,,FALSE,FALSE,,,TRUE,FALSE,,,TRUE,TRUE,,No issues,TRUE,FALSE,,,FALSE,FALSE,,,TRUE,FALSE,,,FALSE,TRUE,,High CPU usage(68%) on june 29 7:30AM IST,FALSE,TRUE,,,FALSE,FALSE,,,FALSE,FALSE,,,TRUE,FALSE,FALSE,,,FALSE,FALSE,FALSE,,,,FALSE,TRUE,,,FALSE,FALSE,,,TRUE,FALSE,Anomalies detected in April 14th in US for backend latency,,FALSE,FALSE,,,FALSE,FALSE,FALSE,,,FALSE,TRUE,TRUE,,FALSE,FALSE,,FALSE,TRUE,FALSE,,FALSE,,,TRUE,,TRUE,,,TRUE,TRUE,27/01/2025 had high latency,FALSE,FALSE,,FALSE,TRUE,FALSE,,TRUE,TRUE,Prod US OAuth endpoint has high latency. Very high latencies from Dec 4th to Dec 6th,TRUE,TRUE,,TRUE,FALSE,TRUE,FALSE,,TRUE,FALSE,,FALSE,FALSE,,TRUE,TRUE,,FALSE,FALSE,Have a spike in US,FALSE,FALSE,,FALSE,TRUE,,FALSE,TRUE,,TRUE,FALSE,,TRUE,TRUE,,TRUE,TRUE,
"Check API Latency

```
AzureDiagnostics
| project TimeGenerated, requestUri_s, timeTaken_d
| extend APICall = case(
                       requestUri_s contains ""/oauth2/token"",
                       ""/oauth2/token"",
                       requestUri_s contains ""/oauth2/introspection"",
                       ""/oauth2/introspection"",
                       requestUri_s contains ""/commonauth"",
                       ""/commonauth"",
                       requestUri_s contains ""/authorize"",
                       ""/authorize"",
                       requestUri_s contains ""/scim2"",
                       ""/scim2"",
                       requestUri_s contains ""/api"",
                       ""/api"",
                       ""Other""
                   )
| summarize AvgLatency = avg(todouble(timeTaken_d)) by bin(TimeGenerated, 60m), APICall
| where APICall != ""Other""
| render timechart
```",TRUE,"US - /scim2 - 1.198 on 18th May

EU - /scim2 - 0.857 on 27th May",FALSE,TRUE,TRUE,"US scim endpoint has spikes
EU - No no abnormalities ",No data recorded Vishakh Shetty shall we check why,TRUE,"scim2 letency spike in EU due to DB bottleneck. Index creation was done as resolution .
 With the new index creation database space was reached 80% with the existing data. We have increased the data storage max from 32 GB to 50 GB to make the used storage to 50%",All good,TRUE,scim2 latency was 1.5 s on 29th March. Auto resolved,,FALSE,FALSE,,,TRUE,FALSE,SCIM2 spikes upto 1.5 seconds in US and 1s spikes in EU,,TRUE,FALSE,scim2 latency has increased in both US and EU,,TRUE,,,TRUE,FALSE,,,FALSE,FALSE,,,FALSE,TRUE,,,FALSE,FALSE,FALSE,FALSE,FALSE,FALSE,,,FALSE,FALSE,,,FALSE,FALSE,,,FALSE,FALSE,,,TRUE,FALSE,Avg latency of /scim2 seemed to be fluctuated in US,,FALSE,FALSE,,,FALSE,FALSE,,,TRUE,FALSE,Their is a spike in token call latency in Prod US ADU ,,TRUE,TRUE,,Nissan Prod token latency is at 600ms while non-prod is under 200ms,TRUE,FALSE,10. Increased latency for scim2 api calls on 22nd July 2025 - EU,,FALSE,FALSE,,,FALSE,FALSE,,,FALSE,FALSE,,,FALSE,TRUE,,,FALSE,FALSE,,,FALSE,FALSE,,,TRUE,FALSE,FALSE,,,FALSE,FALSE,TRUE,Looks Good,,,FALSE,TRUE,,,FALSE,FALSE,,,TRUE,FALSE,Anomaies detected in both US and EU,The query cannot be used with the nissan frontdoor,FALSE,FALSE,,,TRUE,FALSE,FALSE,API Latency on EU and US looks fine,,FALSE,TRUE,TRUE,SCIM2 has a latency  on 21st and token has latencies in 20th,FALSE,FALSE,,FALSE,TRUE,FALSE,,FALSE,TRUE,,TRUE,"API Latency for last 2 weeks:

/oauth2/token API latency was comparatively high on 25th",FALSE,TRUE,"Raised an Email: 
Performance Discrepancy on Asgardeo Endpoints",FALSE,FALSE,,FALSE,FALSE,,FALSE,FALSE,FALSE,,FALSE,FALSE,,FALSE,FALSE,,FALSE,FALSE,FALSE,FALSE,,FALSE,FALSE,,FALSE,FALSE,,FALSE,FALSE,,FALSE,FALSE,,FALSE,FALSE,,FALSE,FALSE,,FALSE,FALSE,,FALSE,FALSE,,FALSE,FALSE,,FALSE,FALSE,
"Check the status of Kubernetes Pods

Need to check node metric usages as well. Need to check whether node are over provisioned",TRUE,"US Central - min 2 max 4 - Current 2
US ADU - min 3 max 4 - Current 3

EU Central - min 2 max 4 - Current 2
US ADU - min 3 max 5 - Current 3",FALSE,TRUE,TRUE,All good,Node pool memory anomaly on 20th April 2026,TRUE,All good,All good,TRUE,,,FALSE,FALSE,,,TRUE,FALSE,We have scaled up EU node pool to give more IS pod for a tomcat issue,,TRUE,FALSE,We have scaled up EU node pool to give more IS pod for a tomcat issue,,TRUE,All Good,All Good,TRUE,TRUE,,,FALSE,FALSE,,,FALSE,TRUE,All good,,FALSE,TRUE,FALSE,FALSE,FALSE,FALSE,,,FALSE,FALSE,,,FALSE,FALSE,,,FALSE,FALSE,,,TRUE,FALSE,,,FALSE,FALSE,,,FALSE,FALSE,,,TRUE,FALSE,,,FALSE,TRUE,,"Prod:

Container CPU usgage % has gone upto 45% on 15th
Disk usage % has gone down to 15% from 25%
Due to AKS upgrade

Stage: No anomalies

Test: 

Container CPU usgage % has gone upto 45% on 15th


Dev: No anomalies
",TRUE,FALSE,,,FALSE,FALSE,,,FALSE,FALSE,,,FALSE,TRUE,,All good,FALSE,FALSE,,,FALSE,FALSE,,,FALSE,FALSE,,,TRUE,FALSE,TRUE,,Looks Good,FALSE,FALSE,TRUE,Looks Good,Looks Good,,FALSE,TRUE,,,FALSE,FALSE,,,TRUE,FALSE,User & System pool metric disk size anomaly detected in US & EU,No anomalies detected in Stage and Prod,FALSE,FALSE,,,TRUE,FALSE,FALSE,Nothing unusual,Nothing unusual ,FALSE,FALSE,TRUE,,FALSE,FALSE,,FALSE,TRUE,FALSE,,FALSE,TRUE,,TRUE,,TRUE,,,TRUE,TRUE,EU cluster health hit 2 at 1:22am (Local) on 29/01/2025,TRUE,FALSE,US-Node Utilization on 22nd from 5:30 Went high coz of spike at FD.Othen than this everything ooks good.,FALSE,TRUE,FALSE,"EU:
US:",TRUE,TRUE,No anomalies in the node metric usages,TRUE,TRUE,,FALSE,FALSE,TRUE,FALSE,,TRUE,FALSE,,FALSE,TRUE,,TRUE,TRUE,Need to remove agic-ingress namespace chart,TRUE,FALSE,,FALSE,FALSE,,FALSE,TRUE,,FALSE,TRUE,,FALSE,FALSE,,FALSE,FALSE,,FALSE,FALSE,
Alerts and Notifications,,,,,,,,,,,,,,,,,,,,,,,,,,,,,,,,,,,,,,,,,,,,,,,,,,,,,,,,,,,,,,,,,,,,,,,,,,,,,,,,,,,,,,,,,,,,,,,,,,,,,,,,,,,,,,,,,,,,,,,,,,,,,,,,,,,,,,,,,,,,,,,,,,,,,,,,,,,,,,,,,,,,,,,,,,,,,,,,,,,,,,,,,,,,,,,,,,,,,,,,,,,,,,,,,,
"Review any alerts received for the last 7 days

Need to check open incidents in servicenow for last 7days

https://wso2.service-now.com/now/workspace/agent/list/params/list-id/9628a6ebac9bb34efc4b063b330300a2/tiny/S8raz8WP3PmryHCtXY2m0fC1cJHbtpwrhttps://wso2.service-now.com/now/workspace/agent/list/params/list-id/9628a6ebac9bb34efc4b063b330300a2/tiny/S8raz8WP3PmryHCtXY2m0fC1cJHbtpwr",TRUE,Completed for month of May,FALSE,TRUE,TRUE,,Open incidents reported in Co-Op chat,TRUE,Only INC0044613,All good,TRUE,,,FALSE,FALSE,,,TRUE,FALSE,No open incidents in the last 7 days. Keells latency issue is still open and Athiththan is actively working on it,,TRUE,FALSE,,,TRUE,,,TRUE,FALSE,,,FALSE,FALSE,,,FALSE,TRUE,,,FALSE,TRUE,FALSE,FALSE,FALSE,FALSE,,,FALSE,FALSE,,,FALSE,FALSE,,,FALSE,FALSE,,,FALSE,FALSE,,,FALSE,FALSE,,,FALSE,FALSE,,,TRUE,FALSE,There are some opened incidents that maintaince team in working on,,FALSE,TRUE,,No major issues or incidents,FALSE,FALSE,FALSE,FALSE,FALSE,FALSE,,,FALSE,FALSE,,,FALSE,TRUE,,,FALSE,FALSE,,,FALSE,FALSE,,,FALSE,FALSE,,,TRUE,FALSE,TRUE,https://wso2.service-now.com/now/workspace/agent/list/params/list-id/9628a6ebac9bb34efc4b063b330300a2/tiny/FxkyQoXKXrVyYZdd6zhSIuFMRNXx9fT0,No alerts,FALSE,FALSE,TRUE,https://wso2.service-now.com/now/workspace/agent/list/params/list-id/9628a6ebac9bb34efc4b063b330300a2/tiny/JI0lVqwV2IIej0XWAoaxqejpuZ0KgmLj,,,FALSE,TRUE,,,FALSE,FALSE,,,TRUE,FALSE,To be checked by Vimukthi Perera,,FALSE,FALSE,,,FALSE,FALSE,FALSE,,,FALSE,FALSE,TRUE,https://github.com/wso2-enterprise/asgardeo-product/issues/29917 ,FALSE,FALSE,,FALSE,TRUE,FALSE,,FALSE,,,TRUE,,TRUE,,,TRUE,FALSE,,TRUE,FALSE,,FALSE,TRUE,FALSE,,FALSE,TRUE,All azure alerts have corresponding SN incidents,TRUE,TRUE,,FALSE,FALSE,FALSE,FALSE,,TRUE,FALSE,"There is a one open incident handled by the SOC team 
https://wso2.service-now.com/now/workspace/agent/record/incident/f02fbfe447ed52505878b2c4116d4333",FALSE,TRUE,"INC0023752, INC0022082 are not resolved",TRUE,TRUE,,TRUE,FALSE,,FALSE,FALSE,,FALSE,TRUE,,FALSE,TRUE,,TRUE,TRUE,,TRUE,TRUE,,TRUE,TRUE,"INC0021761,INC0021674, INC0021692, in still inprogress 

ActiveMQ certificate rotation - https://github.com/wso2-enterprise/asgardeo-product/issues/23979"
"Check Keystore certificate expiry notification and add tasks to renew them before expiry, add the expiry date to the task

AzureDiagnostics
| where OperationName contains ""CertificateNearExpiryEventGridNotification""
| project TimeGenerated, ResourceId

Run the following script for Azure deployments to check the certificated in all keyvaults avaiable per subscription

https://drive.google.com/file/d/17tVnmr4jSTEUFt3GHLV5XUYkp7yW4Y4a/view?usp=drive_link
",TRUE,"Expired certs;

1. kv-asg-scrn-pr2-eus2-01 - asgardeo-screening-service-key-store
2. kv-asg-ailf-pr2-eus2-01 - asgardeo-ai-loginflow-keystore
3.  kv-asgr-auto-pr-eus2-01 - asgardeo-statistics-runbook-key-store
4. kv-asgr-web-pr-eus2-01 - asgardeo-website-key-store 
5. kv-asgr-tedel-pr-eus2-01 - asgardeo-tenant-deletion-key-store, tenantdeletion-asgardeo-internal-pfx & tenantdeletion-dr-asgardeo-internal-pfx
6. kv-asgr-lgmgt-pr-eus2-01 - asgardeo-log-mgt-key-store
7. kv-asgr-scrn-dr-cnus-01 - asgardeo-screening-service-key-store
8. kv-asgr-tdel-dr-cnus-01 - asgardeo-tenant-deletion-key-store
9. kv-asgr-lmgt-dr-cnus-01 - asgardeo-log-mgt-key-store
10. kv-asgr-web-dr-cnus-01 - asgardeo-website-key-store
11.  kv-asgr-fgte-dr-cnus-01 - asgardeo-feature-gate-key-store
12. kv-asgr-rms-dr-cnus-01 - asgardeo-resource-monitor-key-store
13. kv-asgr-qury-dr-cnus-01 - asgardeo-query-service-key-store
14. kv-asgr-lgmgt-eupr-ne-02 - asgardeo-log-mgt-key-store
15. kv-asgr-tedel-eupr-ne-02 - tenantdeletion-asgardeo-internal-pfx
16. kv-asgr-lmgt-eudr-we-01 - asgardeo-log-mgt-key-store
17.  kv-asgr-tdel-eudr-we-01 - tenantdeletion-asgardeo-internal-pfx
18. kv-asgr-fgte-eudr-we-01 - asgardeo-feature-gate-key-store",FALSE,TRUE,TRUE,,Nissan Stage primary keystore near expiry - Expiring on 29th April 2026,TRUE,,,TRUE,,,FALSE,FALSE,,,FALSE,FALSE,,,TRUE,FALSE,,,FALSE,,,TRUE,FALSE,,,FALSE,FALSE,,,FALSE,TRUE,,,FALSE,FALSE,FALSE,FALSE,FALSE,FALSE,,,FALSE,FALSE,,,FALSE,FALSE,,,FALSE,FALSE,,,FALSE,FALSE,,,FALSE,FALSE,,,FALSE,FALSE,,,TRUE,FALSE,,,FALSE,TRUE,,N/A,FALSE,FALSE,FALSE,FALSE,FALSE,FALSE,,,FALSE,FALSE,,,FALSE,TRUE,,,FALSE,FALSE,,,FALSE,FALSE,,,FALSE,FALSE,,,FALSE,FALSE,TRUE,,,FALSE,FALSE,FALSE,,,,FALSE,TRUE,,,FALSE,FALSE,,,TRUE,FALSE,"
No notifications recieved",No notifications recieved,FALSE,FALSE,,,TRUE,FALSE,FALSE,,,FALSE,FALSE,TRUE,,FALSE,FALSE,,FALSE,FALSE,FALSE,,FALSE,,,FALSE,,TRUE,,,TRUE,TRUE,,TRUE,FALSE,created tasks in prod CR space,FALSE,TRUE,FALSE,,TRUE,TRUE,,TRUE,TRUE,,FALSE,FALSE,TRUE,FALSE,,TRUE,FALSE,"Need to rotate eu prod tenant-mgt and tenant deletion certificate
Created task in prod change tracking group",FALSE,TRUE,,TRUE,TRUE,"asgardeo-activemq-key-store expired on 13/12/2023

There are couple of certificates that we need to rotate",TRUE,FALSE,,FALSE,FALSE,,FALSE,TRUE,,FALSE,FALSE,,FALSE,FALSE,,FALSE,FALSE,,FALSE,FALSE,
Detailed System and Security Analysis,,,,,,,,,,,,,,,,,,,,,,,,,,,,,,,,,,,,,,,,,,,,,,,,,,,,,,,,,,,,,,,,,,,,,,,,,,,,,,,,,,,,,,,,,,,,,,,,,,,,,,,,,,,,,,,,,,,,,,,,,,,,,,,,,,,,,,,,,,,,,,,,,,,,,,,,,,,,,,,,,,,,,,,,,,,,,,,,,,,,,,,,,,,,,,,,,,,,,,,,,,,,,,,,,,
"Review the outcomes of automated security scans

Including Azure defender",TRUE,https://portal.azure.com/#view/Microsoft_Azure_Security/Recommendations.ReactView/subscriptionIds~/%5B%22ea3af8ec-73de-4e7c-870f-7a5975f7db2d%22%5D/filters~/%5B%7B%22key%22%3A%22environment%22%2C%22values%22%3A%5B%22Azure%22%5D%2C%22type%22%3A%22FixedScope%22%2C%22validateFilterValues%22%3Atrue%7D%5D/source/SecurityPosture_ViewRecommendation,FALSE,TRUE,TRUE,https://portal.azure.com/#view/Microsoft_Azure_Security/Recommendations.ReactView/subscriptionIds~/%5B%22be7a49ce-5d25-4d04-aeca-ddd90aff2500%22%5D/filters~/%5B%7B%22key%22%3A%22environment%22%2C%22values%22%3A%5B%22Azure%22%5D%2C%22type%22%3A%22FixedScope%22%2C%22validateFilterValues%22%3Atrue%7D%5D/source/SecurityPosture_ViewRecommendation,https://portal.azure.com/#view/Microsoft_Azure_Security/SecureScoreDashboard,TRUE,,,TRUE,"50: 
Recommendation","Recommendation

36",FALSE,FALSE,,,FALSE,FALSE,,,TRUE,FALSE,51%,,TRUE,59% Secure,,TRUE,FALSE,,,FALSE,FALSE,,,FALSE,TRUE,,,FALSE,FALSE,FALSE,FALSE,FALSE,FALSE,,,FALSE,FALSE,,,FALSE,FALSE,,,FALSE,FALSE,,,TRUE,FALSE,58%,,FALSE,FALSE,,,FALSE,FALSE,,,TRUE,FALSE,https://portal.azure.com/#view/Microsoft_Azure_Security/Recommendations.ReactView/subscriptionIds~/%5B%22be7a49ce-5d25-4d04-aeca-ddd90aff2500%22%5D/filters~/%5B%7B%22key%22%3A%22environment%22%2C%22values%22%3A%5B%22Azure%22%5D%2C%22type%22%3A%22FixedScope%22%2C%22validateFilterValues%22%3Atrue%7D%5D/source/SecurityPosture_ViewRecommendation,,FALSE,TRUE,,"No Major issues 

https://portal.azure.com/#view/Microsoft_Azure_Security/Recommendations.ReactView/subscriptionIds~/%5B%22be7a49ce-5d25-4d04-aeca-ddd90aff2500%22%5D/filters~/%5B%7B%22key%22%3A%22environment%22%2C%22values%22%3A%5B%22Azure%22%5D%2C%22type%22%3A%22FixedScope%22%2C%22validateFilterValues%22%3Atrue%7D%5D/source/SecurityPosture_ViewRecommendation",FALSE,FALSE,FALSE,FALSE,FALSE,FALSE,,,FALSE,FALSE,,,FALSE,FALSE,,https://portal.azure.com/#view/Microsoft_Azure_Security/Recommendations.ReactView/subscriptionIds~/%5B%22be7a49ce-5d25-4d04-aeca-ddd90aff2500%22%5D/filters~/%5B%7B%22key%22%3A%22environment%22%2C%22values%22%3A%5B%22Azure%22%5D%2C%22type%22%3A%22FixedScope%22%2C%22validateFilterValues%22%3Atrue%7D%5D/source/SecurityPosture_ViewRecommendation,FALSE,FALSE,,,FALSE,FALSE,,,FALSE,FALSE,,,TRUE,FALSE,FALSE,,,FALSE,FALSE,TRUE,Nothing major,Nothing major,,FALSE,TRUE,,,FALSE,FALSE,,,TRUE,FALSE,No critical or high risk indentified,No critical or high risk indentified,FALSE,FALSE,,,TRUE,FALSE,FALSE,60% Overall Secure,,FALSE,TRUE,TRUE,Medium (57) with Low (405) https://portal.azure.com/#view/Microsoft_Azure_Security/SecurityMenuBlade/~/5 ,FALSE,FALSE,,FALSE,FALSE,FALSE,,FALSE,,,FALSE,,TRUE,,,TRUE,TRUE,,TRUE,FALSE,FALSE,FALSE,FALSE,FALSE,,FALSE,TRUE,,TRUE,TRUE,,FALSE,FALSE,TRUE,FALSE,,TRUE,FALSE,,FALSE,TRUE,,FALSE,FALSE,,FALSE,FALSE,,FALSE,FALSE,,FALSE,TRUE,,FALSE,TRUE,,TRUE,TRUE,,TRUE,TRUE,,TRUE,TRUE,"Vulnerability Assessment is not avaible in prod after Nov 14, 2023

Mail sent"
Governance,,,,,,,,,,,,,,,,,,,,,,,,,,,,,,,,,,,,,,,,,,,,,,,,,,,,,,,,,,,,,,,,,,,,,,,,,,,,,,,,,,,,,,,,,,,,,,,,,,,,,,,,,,,,,,,,,,,,,,,,,,,,,,,,,,,,,,,,,,,,,,,,,,,,,,,,,,,,,,,,,,,,,,,,,,,,,,,,,,,,,,,,,,,,,,,,,,,,,,,,,,,,,,,,,,
Check the compliance score and record it. Take necessary actions https://portal.azure.com/#view/Microsoft_Azure_Security/SecureScoreDashboard ,TRUE,51%,FALSE,TRUE,TRUE,51%,50%,TRUE,51,50,TRUE,51%,50%,FALSE,FALSE,,,TRUE,FALSE,asgardeo-prod-001 51% ,,TRUE,FALSE,40 of 63 controls passed,,FALSE,55%,,TRUE,FALSE,,,FALSE,FALSE,,,FALSE,TRUE,56%,,FALSE,FALSE,FALSE,FALSE,FALSE,FALSE,,,FALSE,FALSE,,,FALSE,FALSE,,,FALSE,FALSE,,,TRUE,FALSE,54,,FALSE,FALSE,,,FALSE,FALSE,,,TRUE,FALSE,"asgardeo-prod-001
Azure subscription
57%",,FALSE,TRUE,,"pic-nissan-shared - 100%
pic-nissanna-shared - 89%
pic-nissan-prod-shared - 82%
pic-nissan-non-prod-shared - 73%
pic-nissan-dev - 58%
pic-nissan-stage - 53%
pic-nissan-prod - 53%
pic-nissan-test - 36%",FALSE,FALSE,FALSE,FALSE,FALSE,FALSE,,,FALSE,FALSE,,,FALSE,FALSE,,66,FALSE,FALSE,,,FALSE,FALSE,,,FALSE,FALSE,,,TRUE,FALSE,TRUE,https://github.com/wso2-enterprise/asgardeo-product/issues/30859,,FALSE,FALSE,TRUE,"59%
Total secure score",,,FALSE,TRUE,,,FALSE,FALSE,,,TRUE,FALSE,"57%, no ciritical or high risks identified
","57%, no ciritical or high risks identified",FALSE,FALSE,,,TRUE,FALSE,FALSE,55%,,FALSE,TRUE,TRUE,58%,FALSE,FALSE,,FALSE,TRUE,FALSE,58% Total secure score,FALSE,,,TRUE,"56%
Total secure score",TRUE,,58.00%,TRUE,TRUE,"40/63.    Being Observed 46% last month. 55%
Total secure score",TRUE,FALSE,"Microsoft cloud security benchmark
41of 63controls passed",FALSE,FALSE,FALSE,,FALSE,TRUE,Security posture is 56%,,,,,,,,,,,,,,,,,,,,,,,,,,,,,,,,,,,,,,
Growth,,,,,,,,,,,,,,,,,,,,,,,,,,,,,,,,,,,,,,,,,,,,,,,,,,,,,,,,,,,,,,,,,,,,,,,,,,,,,,,,,,,,,,,,,,,,,,,,,,,,,,,,,,,,,,,,,,,,,,,,,,,,,,,,,,,,,,,,,,,,,,,,,,,,,,,,,,,,,,,,,,,,,,,,,,,,,,,,,,,,,,,,,,,,,,,,,,,,,,,,,,,,,,,,,,
Ayesha Jayasankha Please add the details,,,,,,,,,,,,,,,,,,,,,,,,,,,,,,,,,,,,,,,,,,,,,,,,,,,,,,,,,,,,,,,,,,,,,,,,,,,,,,,,,,,,,,,,,,,,,,,,,,,,,,,,,,,,,,,,,,,,,,,,,,,,,,,,,,,,,,,,,,,,,,,,,,,,,,,,,,,,,,,,,,,,,,,,,,,,,,,,,,,,,,,,,,,,,,,,,,,,,,,,,,,,,,,,,,
Check on the GH issue progress,,,,,,,,,,,,,,,,,,,,,,,,,,,,,,,,,,,,,,,,,,,,,,,,,,,,,,,,,,,,,,,,,,,,,,,,,,,,,,,,,,,,,,,,,,,,,,,,,,,,,,,,,,,,,,,,,,,,,,,,,,,,,,,,,,,,,,,,,,,,,,,,,,,,,,,,,,,,,,,,,,,,,,,,,,,,,,,,,,,,,,,,,,,,,,,,,,,,,,,,,,,,,,,,,,
"https://github.com/wso2-enterprise/asgardeo-product/issues?q=is%3Aissue%20state%3Aopen%20label%3A%22Pre-Flight%20Check%22

https://github.com/wso2-enterprise/product-pic/issues?q=is%3Aissue%20state%3Aopen%20label%3A%22Pre-Flight%20Check%22",TRUE,No pending issues,FALSE,TRUE,TRUE,,"Two remaning issues
Vishakh Shetty",FALSE,,,FALSE,,,FALSE,FALSE,,,TRUE,FALSE,No issues,,FALSE,FALSE,,,TRUE,,,FALSE,FALSE,,,FALSE,FALSE,,,FALSE,FALSE,,,FALSE,FALSE,FALSE,FALSE,FALSE,FALSE,,,FALSE,FALSE,,,FALSE,FALSE,,,FALSE,FALSE,,,FALSE,FALSE,,,FALSE,FALSE,,,FALSE,FALSE,,,TRUE,FALSE,,,FALSE,TRUE,,"No pending issues, created new issues",FALSE,FALSE,FALSE,FALSE,FALSE,FALSE,,,FALSE,FALSE,,,FALSE,FALSE,,,FALSE,FALSE,,,FALSE,FALSE,,,FALSE,FALSE,,,TRUE,FALSE,FALSE,,,FALSE,FALSE,TRUE,,,,FALSE,TRUE,,,FALSE,FALSE,,,TRUE,FALSE,Issue owners were notified,Issue owneres were notified,FALSE,FALSE,,,TRUE,FALSE,FALSE,,,,,,,,,,,,,,,,,,,,,,,,,,,,,,,,,,,,,,,,,,,,,,,,,,,,,,,,,,,,,,,,,,,,,,,,
Cost Analysis and Review,,,,,,,,,,,,,,,,,,,,,,,,,,,,,,,,,,,,,,,,,,,,,,,,,,,,,,,,,,,,,,,,,,,,,,,,,,,,,,,,,,,,,,,,,,,,,,,,,,,,,,,,,,,,,,,,,,,,,,,,,,,,,,,,,,,,,,,,,,,,,,,,,,,,,,,,,,,,,,,,,,,,,,,,,,,,,,,,,,,,,,,,,,,,,,,,,,,,,,,,,,,,,,,,,,
"Check Weekly Cost for any abnormalities(For NonProd and Prod Subscriptions)

https://portal.azure.com/#@wso2.com/dashboard/arm/subscriptions/c78d26bf-6c7a-42a6-95a6-6b3e26f94ab1/resourcegroups/dashboards/providers/microsoft.portal/dashboards/d816eec1-5221-4f45-a9a0-aa7801cd3179

https://8dc2f953-c9c6-4c3c-bf36-2e8a2a1bfb8b.prod.wdt.choreoapps.dev/ ",FALSE,No access to view dashboard,FALSE,TRUE,TRUE,,No anomaly,TRUE,No drastic increase. ,No abnormalities in cost ,FALSE,,,FALSE,FALSE,,,TRUE,FALSE,Cost increased in identity DB due to token cleanup issue fix,,FALSE,FALSE,,,TRUE,,,FALSE,FALSE,,,FALSE,FALSE,,,FALSE,TRUE,,,FALSE,FALSE,FALSE,FALSE,FALSE,FALSE,,,FALSE,FALSE,,,FALSE,FALSE,,,FALSE,FALSE,,,FALSE,FALSE,,,FALSE,FALSE,,,FALSE,FALSE,,,TRUE,FALSE,,,FALSE,TRUE,,$22 daily increase from 18th august due to https://chat.google.com/room/AAAARizVt1o/ZA45LaSlCvk/ZA45LaSlCvk?cls=10,FALSE,FALSE,FALSE,FALSE,FALSE,FALSE,,,FALSE,FALSE,,,FALSE,FALSE,,,FALSE,FALSE,,,FALSE,FALSE,,,TRUE,FALSE,,,TRUE,FALSE,TRUE,,,TRUE,FALSE,FALSE,,,,FALSE,TRUE,,,FALSE,FALSE,,,FALSE,TRUE,"Perf AKS, Firewalls and VMs has cost on the weekend","Nissan Prod Cost Increment for Postgres Sql Server for January and March. After Last year July DB cost has increased fro below $100 to 300, 400 and peak is 800 on January",FALSE,FALSE,,,FALSE,FALSE,FALSE,,,,,,,,,,,,,,,,,,,,,,,,,,,,,,,,,,,,,,,,,,,,,,,,,,,,,,,,,,,,,,,,,,,,,,,,